cell_id,source_file,batch_date_inferred,cell_index,n_cycles_available,q_discharge_cycle_2,q_discharge_cycle_100,q_discharge_mean_2_100,q_charge_mean_2_100,capacity_fade_2_100,capacity_fade_pct_2_100,capacity_slope_2_100,ir_mean_2_100,ir_change_2_100,tavg_mean_2_100,tmax_mean_2_100,tmin_mean_2_100,chargetime_mean_2_100,chargetime_change_2_100,soh_cycle_100_proxy,screening_label,screening_label_encoded
2017-05-12_cell_002,2017-05-12_batchdata_updated_struct_errorcorrect.mat,2017-05-12,2,99,1.0799223,1.0849404,1.0853711969696969,1.0851456515151514,-0.0050181,-0.464672319480765,1.0295625231905227e-05,0.0165995949797979,-1.3807000000001096e-05,31.47958411321121,34.54464383838384,29.64075872727273,13.378886329966337,0.0001250000001178,100.46467231948075,Reuse,2
2017-05-12_cell_017,2017-05-12_batchdata_updated_struct_errorcorrect.mat,2017-05-12,17,99,1.072052,1.0769763,1.0771062363636363,1.0768656303030304,-0.0049243000000001,-0.4593340621537111,1.788623129251605e-05,0.0166762275353535,2.2162999999998656e-05,32.088753858534446,35.43276257575758,29.510072111111107,10.13811205387206,0.083080000000125,100.4593340621537,Conditional Reuse,0
2017-06-30_cell_025,2017-06-30_batchdata_updated_struct_errorcorrect.mat,2017-06-30,25,99,1.0672674,1.0676695,1.0705467858585858,1.0703348434343434,-0.0004021,-0.0376756565411884,-3.033035250464497e-05,0.0171856425858585,-0.000553833,29.80710204425891,31.199627848484848,28.715408454545454,10.052839006734022,0.0101233333332242,100.03767565654118,Recycle,1
2017-06-30_cell_044,2017-06-30_batchdata_updated_struct_errorcorrect.mat,2017-06-30,44,99,1.070887,1.0763599,1.0763495717171718,1.0762402111111111,-0.0054729,-0.5110623249698618,2.2273128014841293e-05,0.0176766118585858,0.000186326,33.028337173785644,37.83421164646465,30.278730616161617,10.132399242424222,-0.0001950000000459,100.51106232496988,Recycle,1
2017-05-12_cell_012,2017-05-12_batchdata_updated_struct_errorcorrect.mat,2017-05-12,12,99,1.077566,1.0819131,1.082155223232323,1.0817864303030305,-0.0043470999999999,-0.403418444902673,1.2573115646257224e-05,0.0164390562323232,-2.065599999999737e-05,33.4580219141428,37.448847525252525,30.39357482828283,10.68385405723906,-0.0001883333330621,100.40341844490268,Conditional Reuse,0
2017-05-12_cell_043,2017-05-12_batchdata_updated_struct_errorcorrect.mat,2017-05-12,43,99,1.0682389,1.0688359,1.070522194949495,1.070406282828283,-0.0005969999999999,-0.0558863752293572,-2.4014810142242883e-05,0.0161048555656565,0.000127854,33.33978265868144,36.82060524242424,30.25396716161616,11.17782324915825,0.0836866666665017,100.05588637522936,Conditional Reuse,0
2017-05-12_cell_025,2017-05-12_batchdata_updated_struct_errorcorrect.mat,2017-05-12,25,99,1.0752345,1.0780438,1.078847887878788,1.0782877686868686,-0.0028093,-0.2612732385354092,5.129313543567791e-07,0.0165961417979798,-1.1263999999996945e-05,33.848557073949294,37.99023987878788,30.57957213131313,12.13749808080808,0.000188333333396,100.26127323853542,Conditional Reuse,0
2018-04-12_cell_009,2018-04-12_batchdata_updated_struct_errorcorrect.mat,2018-04-12,9,99,1.0694826,1.0724456,1.0728593262626265,1.0726067080808084,-0.002963,-0.2770498556965816,6.680531849076843e-07,0.0157985837979798,-2.9396000000000977e-05,33.08832983925303,35.09617884754773,31.30390667786535,10.04115065656567,-0.0010399999999197,100.2770498556966,Reuse,2
2017-05-12_cell_019,2017-05-12_batchdata_updated_struct_errorcorrect.mat,2017-05-12,19,99,1.0851147,1.0870851,1.0883684717171715,1.0882763343434343,-0.0019703999999998,-0.1815844905612113,-1.035584539270876e-05,0.016324869080808,-6.60869999999994e-05,33.0440853970774,36.83902758585858,30.129123131313136,9.930255336700304,-0.0001500000004241,100.1815844905612,Conditional Reuse,0
2018-04-12_cell_015,2018-04-12_batchdata_updated_struct_errorcorrect.mat,2018-04-12,15,99,1.0684187,1.0693594,1.070546722222222,1.070577596969697,-0.0009406999999999,-0.0880460066825773,-1.156462213976757e-05,0.0153060112222222,-9.027200000000062e-05,33.51055049283859,36.80771071001127,30.87654298210456,10.04163658249164,0.0001383333328703,100.08804600668256,Conditional Reuse,0
2017-05-12_cell_033,2017-05-12_batchdata_updated_struct_errorcorrect.mat,2017-05-12,33,99,1.0924908,1.0937657,1.0954916464646465,1.0950465656565658,-0.0012749,-0.1166966348824245,-2.1812165739025278e-05,0.0164837756565656,-1.720699999999825e-05,33.67169761442224,37.73130442424242,30.36514987878788,10.129993047138068,0.0001883333334564,100.11669663488244,Conditional Reuse,0
2017-05-12_cell_044,2017-05-12_batchdata_updated_struct_errorcorrect.mat,2017-05-12,44,99,1.0847682,1.0847102,1.0868420717171718,1.086822982828283,5.800000000011352e-05,0.0053467644055304,-3.361546072974101e-05,0.0174138499696969,0.000152771,32.55333216968653,35.79095866666667,29.951694818181814,10.258049427609434,-0.0831416666671724,99.99465323559448,Conditional Reuse,0
2017-05-12_cell_026,2017-05-12_batchdata_updated_struct_errorcorrect.mat,2017-05-12,26,99,1.0876514,1.0893713,1.090574287878788,1.0905738262626263,-0.0017199000000001,-0.1581297095742356,-1.5210461348173988e-05,0.0162854918383838,1.2887999999999096e-05,33.15641406115227,36.41381293939394,30.38804886868687,10.800664208754249,-0.0006883333333771,100.15812970957424,Conditional Reuse,0
2017-05-12_cell_018,2017-05-12_batchdata_updated_struct_errorcorrect.mat,2017-05-12,18,99,1.0661705,1.0645274,1.086443382828283,1.2397907818181817,0.0016430999999998,0.1541123113047957,-0.0002945415905998,0.0180047544141414,-0.003994543,31.831057275618026,35.415118353535355,29.92691219191919,9.925956313131316,0.0001583333325783,99.8458876886952,Conditional Reuse,0
2017-06-30_cell_011,2017-06-30_batchdata_updated_struct_errorcorrect.mat,2017-06-30,11,99,1.0717047,1.0705185,1.074210614141414,1.0731762626262629,0.0011862,0.1106834746549143,-4.145734199134466e-05,0.0171955672020202,-0.00052274,33.20898159528337,37.23627671717172,30.52722790909091,10.135728484848489,0.0852133333333764,99.88931652534508,Recycle,1
2017-06-30_cell_041,2017-06-30_batchdata_updated_struct_errorcorrect.mat,2017-06-30,41,99,1.0682049,1.0736984,1.0747316464646464,1.0745392171717172,-0.0054935,-0.5142739936879188,1.664656524428442e-05,0.0177889226262626,-7.858999999999991e-05,33.13252315037761,37.45213359595959,30.281169101010097,10.141692306397326,0.0835666666665932,100.51427399368792,Recycle,1
2017-05-12_cell_045,2017-05-12_batchdata_updated_struct_errorcorrect.mat,2017-05-12,45,99,1.0839558,1.0858277,1.0871594505050506,1.086926824242424,-0.0018719,-0.17269154332677,-1.2920053184910836e-05,0.0166742515858585,0.0001503839999999,33.0005473910965,36.69642807070708,29.912547070707078,10.257274326599305,-0.0829749999996245,100.17269154332678,Conditional Reuse,0
2017-05-12_cell_039,2017-05-12_batchdata_updated_struct_errorcorrect.mat,2017-05-12,39,99,1.0817773,1.0847629,1.085658998989899,1.0856706424242424,-0.0029856000000001,-0.2759902615815791,-3.294477427336007e-06,0.0166911045555555,9.157099999999864e-05,33.50643317156701,37.40386024242424,30.3385617979798,10.242025976430943,0.0825033333334737,100.27599026158158,Conditional Reuse,0
2018-04-12_cell_002,2018-04-12_batchdata_updated_struct_errorcorrect.mat,2018-04-12,2,99,1.060818,1.0606135,1.0620735151515153,1.061423983838384,0.0002044999999999,0.0192775763608781,-2.0391179962896454e-05,0.0146185666161616,-0.00041669,36.79033178065713,40.5242590441136,32.361787809528934,10.043663265993228,0.0002083333335285,99.98072242363912,Reuse,2
2017-05-12_cell_014,2017-05-12_batchdata_updated_struct_errorcorrect.mat,2017-05-12,14,99,1.0709661,1.0762016,1.0761029171717171,1.075364595959596,-0.0052355000000001,-0.4888576771944668,2.6234124922695652e-05,0.0169750018383838,-6.811500000000054e-05,33.07746279993842,36.63094507070707,30.081030757575764,14.925935387205389,0.0835033333333736,100.48885767719446,Conditional Reuse,0
2018-04-12_cell_017,2018-04-12_batchdata_updated_struct_errorcorrect.mat,2018-04-12,17,99,1.0664514,1.0664585,1.067047807070707,1.06625417979798,-7.0999999999266095e-06,-0.0006657593585536,-5.833125541129357e-06,0.0154435866464646,-0.0001622749999999,35.07228784758459,37.40160198756502,32.455675181202416,10.0421028114478,-0.0011483333333064,100.00066575935855,Reuse,2
2017-06-30_cell_036,2017-06-30_batchdata_updated_struct_errorcorrect.mat,2017-06-30,36,99,1.079731,1.0852383,1.08517187979798,1.0848497303030302,-0.0055073000000001,-0.5100622284624693,2.40557600494703e-05,0.0201881499797979,9.954900000000086e-05,33.41465124229428,38.13596305050506,30.33438446464646,10.140430505050515,-0.0005249999999552,100.51006222846246,Conditional Reuse,0
2018-04-12_cell_013,2018-04-12_batchdata_updated_struct_errorcorrect.mat,2018-04-12,13,99,1.065558,1.067306,1.0687136323232325,1.068625397979798,-0.001748,-0.1640455047965556,-1.2185193568334853e-05,0.0151285627171717,-0.0001451409999999,34.11768528185422,37.233278981795394,31.323500893525303,10.042358249158228,0.0014516666664956,100.16404550479656,Conditional Reuse,0
2018-04-12_cell_001,2018-04-12_batchdata_updated_struct_errorcorrect.mat,2018-04-12,1,99,1.0650603,1.0664777,1.0677216717171716,1.0673237272727272,-0.0014174,-0.1330816668314473,-1.4719340754489794e-05,0.014984559090909,-0.000102823,34.83231929224147,37.98835277556221,31.57773904653022,10.041381363636305,0.0021266666672694,100.13308166683146,Reuse,2
2017-06-30_cell_008,2017-06-30_batchdata_updated_struct_errorcorrect.mat,2017-06-30,8,99,1.026484,1.0305706,1.030979109090909,1.030609093939394,-0.0040865999999999,-0.3981162882227039,-1.1100766852229196e-06,0.0172774354949494,0.000279134,32.04514521064846,35.181334525252524,29.73036748484849,13.386691666666657,-0.0847416666666642,100.39811628822272,Conditional Reuse,0
2017-06-30_cell_022,2017-06-30_batchdata_updated_struct_errorcorrect.mat,2017-06-30,22,99,1.079723,1.0825431,1.0842036181818182,1.0840962484848484,-0.0028201000000001,-0.2611873600914404,-8.084566481135177e-06,0.0170169382626262,-0.0003455369999999,31.93073263477864,35.205671333333335,29.95081041414141,10.15466846801348,-0.0674966666668002,100.26118736009144,Conditional Reuse,0
2017-05-12_cell_041,2017-05-12_batchdata_updated_struct_errorcorrect.mat,2017-05-12,41,99,1.0789614,1.0821686,1.082886786868687,1.0829608636363637,-0.0032071999999998,-0.2972488172421973,-1.385528757008372e-07,0.0167448905050505,-9.889999999998511e-07,33.07332253245542,36.8232453030303,30.24096153535353,12.091290892255918,-7.999999982821748e-05,100.2972488172422,Reuse,2
2018-04-12_cell_022,2018-04-12_batchdata_updated_struct_errorcorrect.mat,2018-04-12,22,99,1.0562643,1.0569046,1.0581549232323233,1.057997839393939,-0.0006402999999999,-0.0606192976511586,-1.5988764378477872e-05,0.0156856873535353,-0.000122983,34.61069656408486,37.5322343873043,31.640105505547105,10.04255023569017,-0.0010666666671266,100.06061929765116,Reuse,2
2017-05-12_cell_040,2017-05-12_batchdata_updated_struct_errorcorrect.mat,2017-05-12,40,99,1.0833029,1.0857353,1.0869299777777777,1.087122691919192,-0.0024324,-0.224535538490666,-8.204863327151616e-06,0.0166792732121212,6.656899999999896e-05,33.45968416375564,37.756139949494944,30.277771616161612,12.087224326599337,-0.0004849999998448,100.22453553849068,Conditional Reuse,0
2018-04-12_cell_014,2018-04-12_batchdata_updated_struct_errorcorrect.mat,2018-04-12,14,99,1.0727056,1.0763919,1.077015806060606,1.0765029424242425,-0.0036863,-0.3436450783887053,4.636107606678319e-06,0.0155519219898989,-7.740999999999998e-05,33.11953606667905,35.48777029470216,31.07188550111836,10.041858265993287,-0.0005883333336278,100.3436450783887,Conditional Reuse,0
2018-04-12_cell_018,2018-04-12_batchdata_updated_struct_errorcorrect.mat,2018-04-12,18,99,1.0680237,1.0670015,1.0688689090909091,1.0687508737373737,0.0010221999999999,0.0957094865965964,-2.9274941249227192e-05,0.0150155265353535,-3.7439999999999696e-05,35.2914180269327,37.97024186611959,32.39435838372084,10.04310829966328,-0.0018650000000572,99.9042905134034,Reuse,2
2018-04-12_cell_003,2018-04-12_batchdata_updated_struct_errorcorrect.mat,2018-04-12,3,99,1.0628892,1.0635946,1.0646530202020204,1.0640129565656564,-0.0007053999999999,-0.0663662778773147,-1.2654854669145048e-05,0.0149999637676767,5.60549999999993e-05,36.08374244976545,39.4408972847914,32.17067620845048,10.041502946127975,-0.001556666666632,100.06636627787732,Reuse,2
2017-05-12_cell_020,2017-05-12_batchdata_updated_struct_errorcorrect.mat,2017-05-12,20,99,1.07263,1.0612478,1.0698410858585858,1.0691817929292928,0.0113821999999998,1.06114876518463,-0.0001397761818181,0.015056726030303,-0.000580528,32.15292201754506,34.92834715151515,29.96077201010101,9.027207626262616,0.0301633333335598,98.93885123481536,Conditional Reuse,0
2017-06-30_cell_009,2017-06-30_batchdata_updated_struct_errorcorrect.mat,2017-06-30,9,99,1.0317495,1.0348208,1.0351226626262628,1.0347281606060603,-0.0030712999999999,-0.2976788454949577,-8.856790352507275e-06,0.017105432020202,0.0003285869999999,32.515688412240905,36.19736731313132,30.049963272727272,13.3755686868687,-0.0843133333333145,100.29767884549496,Reuse,2
2017-06-30_cell_004,2017-06-30_batchdata_updated_struct_errorcorrect.mat,2017-06-30,4,99,1.0728973,1.0650914,1.07188638989899,1.0712055212121212,0.0078058999999999,0.7275533268654811,-0.0001067501001855,0.0161888629393939,-0.00085516,32.9024450940803,37.069230989899,30.212344242424244,10.144656565656542,0.1198700000000823,99.27244667313452,Recycle,1
2018-04-12_cell_028,2018-04-12_batchdata_updated_struct_errorcorrect.mat,2018-04-12,28,99,1.0518668,1.0340093,1.0445220202020202,1.0445340656565656,0.0178575,1.6976959440111696,-0.0001980220853432,0.0134208849696969,0.000435923,35.69688828820833,39.55791836716047,32.29372696775114,10.088611986532047,0.083721666666678,98.30230405598884,Conditional Reuse,0
2018-04-12_cell_016,2018-04-12_batchdata_updated_struct_errorcorrect.mat,2018-04-12,16,99,1.061009,1.0625579,1.0635088555555554,1.0634576202020205,-0.0015488999999999,-0.1459836815710294,-9.691301175015204e-06,0.0153110507171717,-0.0001209359999999,34.94134876933804,37.83242540611344,31.981891168783747,11.040587407407404,-0.0150166666671189,100.14598368157104,Reuse,2
2018-04-12_cell_020,2018-04-12_batchdata_updated_struct_errorcorrect.mat,2018-04-12,20,99,1.0650502,1.0664401,1.067449897979798,1.0669259595959597,-0.0013898999999999,-0.1305008909439146,-7.154074211503765e-06,0.0152633222323232,-7.635700000000085e-05,33.10212248197412,35.739254750947524,30.852143628467964,10.043380471380493,0.0009550000000064,100.1305008909439,Conditional Reuse,0
2017-06-30_cell_013,2017-06-30_batchdata_updated_struct_errorcorrect.mat,2017-06-30,13,99,1.080285,1.0716245,1.078972927272727,1.078820404040404,0.0086604999999999,0.8016865919641539,-0.000121203641311,0.0165961688686868,-0.0004970629999999,33.36424175210755,37.74174986868687,30.323652656565656,10.26909826599325,0.1051333333334092,99.19831340803584,Recycle,1
2017-05-12_cell_034,2017-05-12_batchdata_updated_struct_errorcorrect.mat,2017-05-12,34,99,1.0766174,1.0794187,1.0800699888888887,1.080049704040404,-0.0028013,-0.2601945686554951,-3.129647495377911e-07,0.016855197080808,-2.8376000000000096e-05,32.66455167507311,36.08252629292929,29.988331222222225,11.035507962962974,-0.0007116666663016,100.26019456865548,Conditional Reuse,0
2017-06-30_cell_038,2017-06-30_batchdata_updated_struct_errorcorrect.mat,2017-06-30,38,99,1.0699497,1.074622,1.0749444787878788,1.0746875272727272,-0.0046722999999999,-0.4366840796347681,1.645809276437357e-05,0.0177427454646464,-3.56749999999989e-05,32.17443347288497,36.40732571717172,29.731181383838383,10.129633686868685,1.4999999983444924e-05,100.43668407963476,Recycle,1
2017-05-12_cell_035,2017-05-12_batchdata_updated_struct_errorcorrect.mat,2017-05-12,35,99,1.0707464,1.0739936,1.0745076737373735,1.074457304040404,-0.0032472000000001,-0.3032650868590468,3.1953209647471863e-06,0.0169670922929292,3.243499999999733e-05,32.09733437854189,34.87752171717172,29.813014555555554,11.036444074074083,0.0833099999998925,100.30326508685906,Conditional Reuse,0
2018-04-12_cell_010,2018-04-12_batchdata_updated_struct_errorcorrect.mat,2018-04-12,10,99,1.0617746,1.0623909,1.06437858989899,1.064068297979798,-0.0006163000000001,-0.0580443344566846,-2.8759653679712824e-06,0.0153730747171717,-0.0001438639999999,32.5348014795901,34.79216549532189,30.68763079160192,11.039443922558933,0.0004433333334112,100.05804433445668,Reuse,2
2017-06-30_cell_021,2017-06-30_batchdata_updated_struct_errorcorrect.mat,2017-06-30,21,99,1.0768799,1.0766457,1.079894198989899,1.0796417262626263,0.0002341999999999,0.0217480147971897,-4.3975447124306646e-05,0.0174125553535353,-0.0002588729999999,32.35872588704418,36.29858464646465,30.170509959595964,10.144018451178432,-0.0797050000001036,99.97825198520282,Recycle,1
2017-05-12_cell_036,2017-05-12_batchdata_updated_struct_errorcorrect.mat,2017-05-12,36,99,1.0778315,1.0802411,1.0812765595959597,1.081064185858586,-0.0024096,-0.2235599905922225,-7.183043908478368e-06,0.0164377462626262,8.785199999999938e-05,32.04688205693082,33.970878757575754,30.278352737373737,11.554803670033683,-0.000169999999585,100.22355999059222,Conditional Reuse,0
2017-06-30_cell_027,2017-06-30_batchdata_updated_struct_errorcorrect.mat,2017-06-30,27,99,1.065841,1.0693567,1.070622919191919,1.0703910414141415,-0.0035156999999998,-0.329852201219497,4.945726654254184e-07,0.0173394337575757,-0.00026701,32.00299248761868,35.74766228282829,29.89440901010101,10.128570050505092,-0.0835266666666338,100.32985220121952,Recycle,1
2018-04-12_cell_021,2018-04-12_batchdata_updated_struct_errorcorrect.mat,2018-04-12,21,99,1.0678563,1.0538316,1.0619781898989895,1.0617610636363637,0.0140247,1.3133508694006863,-0.0001594917019171,0.0140930141313131,0.000233937,34.90039941646808,37.9177756860133,32.05768382629157,10.079161515151515,0.0333999999995278,98.6866491305993,Conditional Reuse,0
2017-06-30_cell_016,2017-06-30_batchdata_updated_struct_errorcorrect.mat,2017-06-30,16,99,1.0096419,1.0058126,1.0102501828282828,1.0099773383838382,0.0038293,0.3792730868241537,-6.755700309214324e-05,0.0172278182929292,-0.000109404,31.3719467500025,34.82028004040404,29.07678371717172,12.141041313131325,-0.0905883333334109,99.62072691317584,Recycle,1
2018-04-12_cell_036,2018-04-12_batchdata_updated_struct_errorcorrect.mat,2018-04-12,36,99,1.0575287,1.0577667,1.0593632474747476,1.0592286191919191,-0.0002379999999999,-0.0225052993833605,-2.1971919604205956e-05,0.0151344318989899,-8.82880000000006e-05,35.87907157748097,39.38680749559564,32.17568860041181,10.043494949494974,0.0005866666671252,100.02250529938335,Conditional Reuse,0
2017-06-30_cell_000,2017-06-30_batchdata_updated_struct_errorcorrect.mat,2017-06-30,0,99,1.0700541,1.038452,1.0607473616161616,1.0606363626262627,0.0316020999999999,2.9533179677550856,-0.0003547307619047,0.0169172437474747,-0.0002129899999999,30.048713446074856,32.15767962626263,28.121771595959597,10.37477348484851,0.4223483333335025,97.04668203224492,Recycle,1
2017-05-12_cell_006,2017-05-12_batchdata_updated_struct_errorcorrect.mat,2017-05-12,6,99,1.0758358,1.0792426,1.0809117848484848,1.080420604040404,-0.0034068,-0.3166654242218044,-4.80864687693515e-06,0.0165072685454545,-0.000333346,32.27384521945563,35.79263145454546,29.74772723232324,10.04485760942758,-0.0874249999996052,100.3166654242218,Conditional Reuse,0
2017-05-12_cell_015,2017-05-12_batchdata_updated_struct_errorcorrect.mat,2017-05-12,15,99,1.0611236,1.0677497,1.0676568858585858,1.066969591919192,-0.0066261,-0.6244418652077929,2.9049360544208905e-05,0.0168399864343434,-0.000253296,33.147720104395674,37.05618863636364,29.95430322222223,14.92770846801342,-0.0833550000001501,100.6244418652078,Conditional Reuse,0
2017-05-12_cell_016,2017-05-12_batchdata_updated_struct_errorcorrect.mat,2017-05-12,16,99,1.0811664,1.0863206,1.0864695565656566,1.0858408646464648,-0.0051541999999999,-0.4767258767938032,2.316027458255733e-05,0.0165288622828282,-1.481900000000272e-05,32.41716254671688,35.85141423232323,29.8397305959596,10.12547436026938,0.0003749999995612,100.4767258767938,Conditional Reuse,0
2018-04-12_cell_037,2018-04-12_batchdata_updated_struct_errorcorrect.mat,2018-04-12,37,99,1.0465839,1.0483961,1.049442304040404,1.0502066717171716,-0.0018122,-0.1731538197749881,-2.051648732219477e-06,0.0147157734141414,-0.0001329569999999,35.01461049108638,37.82132622347397,31.973894538119445,11.03842819865316,-0.0003283333336483,100.17315381977498,Reuse,2
2017-06-30_cell_003,2017-06-30_batchdata_updated_struct_errorcorrect.mat,2017-06-30,3,99,1.0668509,1.046734,1.0609244555555557,1.060231626262626,0.0201168999999998,1.8856336907059723,-0.0002273741682127,0.0161905454545454,-0.0003338249999999,33.65516741903765,38.53191763636363,30.06057302020202,10.137257121212132,0.138460000000002,98.11436630929404,Recycle,1
2018-04-12_cell_005,2018-04-12_batchdata_updated_struct_errorcorrect.mat,2018-04-12,5,99,1.0514506,1.0518515,1.0531571414141414,1.052654377777778,-0.0004009,-0.0381282772581077,-1.602090043289747e-05,0.015182618050505,-0.0001672339999999,35.56013985266867,39.69079276471186,32.25708891393413,10.042010656565727,0.0016933333329998,100.03812827725812,Conditional Reuse,0
2018-04-12_cell_038,2018-04-12_batchdata_updated_struct_errorcorrect.mat,2018-04-12,38,99,1.0701473,1.0710695,1.0719827515151514,1.071834697979798,-0.0009221999999999,-0.0861750527240487,-8.787589363023085e-06,0.0158358992424242,-0.000115897,34.745836319764145,37.73909067059503,31.511033631406463,10.043707962962928,-0.0052766666672461,100.08617505272406,Reuse,2
2017-05-12_cell_013,2017-05-12_batchdata_updated_struct_errorcorrect.mat,2017-05-12,13,99,1.0797893,1.0836461,1.0842732373737374,1.084070097979798,-0.0038567999999998,-0.3571807944383114,4.458676561532405e-06,0.0170365509494949,-1.3330999999998372e-05,32.09216634315908,34.67959250505051,30.020152525252527,10.685353013468022,-0.0833700000003485,100.35718079443832,Conditional Reuse,0
2017-06-30_cell_002,2017-06-30_batchdata_updated_struct_errorcorrect.mat,2017-06-30,2,99,1.0735391,1.0759984,1.0780272595959597,1.0772955686868688,-0.0024592999999999,-0.2290834120527088,-1.2791405071124345e-05,0.0175528956767676,-0.0002320819999999,32.74589101643199,37.39823604040404,29.849821292929292,10.068467895622891,0.0904849999998997,100.2290834120527,Recycle,1
2017-06-30_cell_024,2017-06-30_batchdata_updated_struct_errorcorrect.mat,2017-06-30,24,99,1.0679682,1.0710108,1.0720803323232324,1.0718335646464645,-0.0030426000000001,-0.2848961233115478,2.7728014842328424e-06,0.0171059043636363,-0.000260558,30.080366485164745,32.040300414141406,28.446901111111117,10.04830535353536,0.0005550000001672,100.28489612331155,Recycle,1
2018-04-12_cell_045,2018-04-12_batchdata_updated_struct_errorcorrect.mat,2018-04-12,45,99,1.0695485,1.0711251,1.0714658575757574,1.0713107808080806,-0.0015765999999999,-0.1474079950558509,-1.2584539270929646e-07,0.0156186924747474,-7.953999999999947e-05,32.72596355233115,34.6817726725469,30.852621310491138,11.038587558922575,-0.00171166666696,100.14740799505586,Reuse,2
2017-05-12_cell_042,2017-05-12_batchdata_updated_struct_errorcorrect.mat,2017-05-12,42,99,1.0798725,1.0832821,1.083889183838384,1.0839663565656568,-0.0034095999999999,-0.3157409786803443,2.1135980210269398e-06,0.0167156228383838,0.000103314,33.58506724391689,37.673212,30.35210961616162,11.178124326599384,-0.0835516666668194,100.31574097868034,Conditional Reuse,0
2018-04-12_cell_043,2018-04-12_batchdata_updated_struct_errorcorrect.mat,2018-04-12,43,99,1.0701852,1.0724185,1.0728844272727274,1.0726782111111113,-0.0022332999999998,-0.2086835063687932,3.041014223871185e-06,0.0158285013737373,-0.0001450279999999,33.89526904792961,36.95614928561784,30.878729493006865,10.043652104377044,-0.0007233333325231,100.2086835063688,Reuse,2
2018-04-12_cell_026,2018-04-12_batchdata_updated_struct_errorcorrect.mat,2018-04-12,26,99,1.0720186,1.074435,1.075112296969697,1.0749619606060603,-0.0024163999999999,-0.2254065367895655,-4.288423005564325e-07,0.0155935727272727,-4.2369000000000434e-05,35.745916536891265,39.14135891629517,32.32542000468721,10.042290858585826,0.002345000000302,100.22540653678958,Reuse,2
2017-05-12_cell_037,2017-05-12_batchdata_updated_struct_errorcorrect.mat,2017-05-12,37,99,1.0748194,1.0768065,1.0780300424242424,1.077913713131313,-0.0019871,-0.1848775710598468,-9.680958565250122e-06,0.016546422020202,6.718000000000002e-05,32.95969887229894,36.05156987878787,30.246154101010102,11.561455202020229,0.0002933333335626,100.18487757105984,Conditional Reuse,0
2017-06-30_cell_017,2017-06-30_batchdata_updated_struct_errorcorrect.mat,2017-06-30,17,99,1.0656468,1.073837,1.0745826868686867,1.0742462525252523,-0.0081902,-0.7685660952578319,2.0565896103886607e-05,0.017382454080808,-0.000504403,31.43027752322513,34.27828941414142,29.57840173737373,10.148735757575782,0.0156899999999335,100.76856609525784,Recycle,1
2018-04-12_cell_033,2018-04-12_batchdata_updated_struct_errorcorrect.mat,2018-04-12,33,99,1.060272,1.0609198,1.062159194949495,1.062158602020202,-0.0006477999999998,-0.0610975296904817,-1.259104514533449e-05,0.0153407971717171,-0.0001539929999999,33.10710984192206,34.284327507895505,31.679991708191025,10.043259696969717,-0.000381666666362,100.06109752969049,Reuse,2
2017-05-12_cell_010,2017-05-12_batchdata_updated_struct_errorcorrect.mat,2017-05-12,10,99,1.0752757,1.0816405,1.0817046181818184,1.0809541363636364,-0.0063648,-0.5919226111033719,2.529188002474074e-05,0.0163966556161616,8.308200000000168e-05,33.20815066846232,36.87145022222223,30.29658949494949,11.688040235690274,-0.0001083333338698,100.59192261110336,Conditional Reuse,0
2017-06-30_cell_030,2017-06-30_batchdata_updated_struct_errorcorrect.mat,2017-06-30,30,99,1.0672802,1.071249,1.072151225252525,1.0719712303030302,-0.0039687999999999,-0.3718611101377121,8.45844403215631e-06,0.0174974651212121,-0.00031568,32.406531360848675,36.53235286868687,29.984983777777774,10.138687828282814,0.0833866666665326,100.37186111013771,Recycle,1
2017-06-30_cell_032,2017-06-30_batchdata_updated_struct_errorcorrect.mat,2017-06-30,32,99,1.0742669,1.0795146,1.0796738595959596,1.08002901010101,-0.0052476999999999,-0.4884912678590363,1.7829948051949118e-05,0.0175375437070707,0.0001094139999999,33.24763715966938,37.88489983838383,30.31475446464647,10.137393569023583,0.0832149999999565,100.48849126785905,Conditional Reuse,0
2017-06-30_cell_042,2017-06-30_batchdata_updated_struct_errorcorrect.mat,2017-06-30,42,99,1.0780239,1.082616,1.0831219444444442,1.0831846383838384,-0.0045920999999999,-0.4259738582790221,1.1841173778598723e-05,0.0172180923434343,-9.29529999999998e-05,33.13768962997446,38.01192291919192,30.34854903030303,10.136828434343444,0.000380000000101,100.42597385827902,Recycle,1
2017-06-30_cell_040,2017-06-30_batchdata_updated_struct_errorcorrect.mat,2017-06-30,40,99,1.0765519,1.0798434,1.081252198989899,1.081657755555555,-0.0032915,-0.3057446649808525,-1.993067903525578e-05,0.0171966237070707,-0.000469548,33.3410543545083,38.19932831313131,30.393990585858585,10.135643552188554,0.0010450000001576,100.30574466498084,Recycle,1
2017-06-30_cell_047,2017-06-30_batchdata_updated_struct_errorcorrect.mat,2017-06-30,47,99,1.0421375,1.0470229,1.0489019333333334,1.0485018909090909,-0.0048854,-0.4687865084981627,-9.553367965375936e-06,0.0172199981515151,-0.000836281,32.40551927653036,36.45115027272728,29.619780666666667,10.130466952861942,0.0831966666664811,100.46878650849816,Conditional Reuse,0
2018-04-12_cell_019,2018-04-12_batchdata_updated_struct_errorcorrect.mat,2018-04-12,19,99,1.0719248,1.0708553,1.0727208262626262,1.0724153505050509,0.0010694999999998,0.0997737901016782,-2.96913580705044e-05,0.0154634931818181,-4.249000000000093e-05,35.09835953689969,37.876070766588285,32.12087731134603,10.043189629629584,0.0002983333336796,99.90022620989832,Reuse,2
2017-06-30_cell_020,2017-06-30_batchdata_updated_struct_errorcorrect.mat,2017-06-30,20,99,1.0831043,1.0862604,1.087955722222222,1.087692406060606,-0.0031560999999999,-0.2913939128484666,-6.300379715522767e-06,0.0174080817272727,-9.665400000000156e-05,32.652443174412284,36.7588658989899,30.269308979797984,10.140166599326632,-0.0829516666664851,100.29139391284846,Conditional Reuse,0
2017-05-12_cell_031,2017-05-12_batchdata_updated_struct_errorcorrect.mat,2017-05-12,31,99,1.0946392,1.0953494,1.097068405050505,1.0967882626262626,-0.0007101999999998,-0.0648798252428638,-2.620108225108124e-05,0.0168655661414141,1.0658000000000197e-05,30.375396745150564,30.709141161616163,30.009055646464653,10.126957558922545,-0.0004933333340879,100.06487982524284,Conditional Reuse,0
2017-06-30_cell_046,2017-06-30_batchdata_updated_struct_errorcorrect.mat,2017-06-30,46,99,1.0726138,1.0795197,1.0791303383838384,1.078900536363636,-0.0069059,-0.6438384439954082,2.937985776128307e-05,0.0178011479595959,0.0002477779999999,32.31134416709594,36.73920442424242,29.73386209090909,10.132154276094296,0.0833200000000946,100.6438384439954,Recycle,1
2017-06-30_cell_034,2017-06-30_batchdata_updated_struct_errorcorrect.mat,2017-06-30,34,99,1.0688509,1.0746909,1.0746778808080808,1.0746804404040404,-0.00584,-0.5463811650436995,2.0926824984536708e-05,0.017574237090909,-0.00014857,33.431122410662226,37.85557094949495,30.598678323232328,10.158217373737395,-0.0004833333334932,100.54638116504373,Recycle,1
2018-04-12_cell_042,2018-04-12_batchdata_updated_struct_errorcorrect.mat,2018-04-12,42,99,1.0669198,1.0689646,1.0695203565656566,1.0694715696969697,-0.0020447999999999,-0.1916545179871962,1.8104885590610533e-06,0.0161318303232323,-0.0005620929999999,33.03326599301577,35.57262282220451,30.69461754671901,11.03849814814812,-0.000156666666589,100.1916545179872,Reuse,2
2017-05-12_cell_028,2017-05-12_batchdata_updated_struct_errorcorrect.mat,2017-05-12,28,99,1.0777475,1.0796947,1.0806956292929293,1.0798740373737374,-0.0019471999999998,-0.1806731168478531,-7.726680272106807e-06,0.0166800375454545,6.377100000000066e-05,33.773800525042,37.491157878787874,30.628645454545453,11.138253585858592,-5.8333333861071424e-05,100.18067311684786,Conditional Reuse,0
2018-04-12_cell_041,2018-04-12_batchdata_updated_struct_errorcorrect.mat,2018-04-12,41,99,1.0505219,1.0541531,1.0543741434343434,1.054001121212121,-0.0036312,-0.345656763557243,9.732244897956478e-06,0.0183069925353535,-0.0001731319999999,33.640262798950594,36.62919119540175,30.825456412280783,10.043162962962906,0.0013016666668903,100.34565676355724,Conditional Reuse,0
2017-06-30_cell_029,2017-06-30_batchdata_updated_struct_errorcorrect.mat,2017-06-30,29,99,1.0725043,1.0787998,1.0782471151515152,1.0777316767676768,-0.0062955,-0.5869906535572873,3.2791438466289255e-05,0.0170323334545454,4.101199999999999e-05,33.487092714604984,37.97272521212121,30.60945453535353,10.139228333333326,0.0004416666667861,100.5869906535573,Recycle,1
2017-05-12_cell_005,2017-05-12_batchdata_updated_struct_errorcorrect.mat,2017-05-12,5,99,1.0761266,1.0797794,1.0803274434343435,1.0801648737373737,-0.0036528,-0.3394396161195171,1.1228400742114245e-05,0.0162703885757575,-0.000111867,30.92149771366389,33.02000678787879,29.24238684848485,15.07576803030309,-0.0843599999998332,100.3394396161195,Reuse,2
2017-05-12_cell_027,2017-05-12_batchdata_updated_struct_errorcorrect.mat,2017-05-12,27,99,1.0790461,1.0810226,1.0820360393939392,1.0820815363636365,-0.0019765,-0.1831710433873073,-1.0758799010511252e-05,0.0160989066666666,3.187999999999802e-05,33.89497000372245,37.51131004040404,30.730024525252528,10.803712340067367,-0.0008783333330324,100.1831710433873,Conditional Reuse,0
2017-06-30_cell_001,2017-06-30_batchdata_updated_struct_errorcorrect.mat,2017-06-30,1,99,1.0720705,0.96833885,1.0287109878787877,1.029438928989899,0.1037316499999999,9.675823558245469,-0.001092104697217,0.0168691714848484,-0.0008329789999999,32.4100534814678,36.817352333333325,29.133152626262625,10.72596308080812,0.9635233333331908,90.32417644175452,Recycle,1
2017-06-30_cell_014,2017-06-30_batchdata_updated_struct_errorcorrect.mat,2017-06-30,14,99,1.0780684,1.0809475,1.0820690767676768,1.0818983636363635,-0.0028790999999999,-0.2670609768359699,-3.9703030302999845e-06,0.0170067056161616,-0.0001330669999999,32.86840487751302,37.292578131313135,30.23149296969697,10.14196829966328,0.0829216666665146,100.26706097683598,Recycle,1
2017-05-12_cell_022,2017-05-12_batchdata_updated_struct_errorcorrect.mat,2017-05-12,22,99,1.0793039,1.0820541,1.082979815151515,1.0827749171717174,-0.0027501999999999,-0.2548123841672327,-6.755834260975108e-06,0.0165919733030303,-5.07210000000001e-05,32.84391283877385,36.64192422222223,30.04068875757576,11.46291215488218,0.0823749999999261,100.25481238416722,Conditional Reuse,0
2018-04-12_cell_004,2018-04-12_batchdata_updated_struct_errorcorrect.mat,2018-04-12,4,99,1.0724765,1.0738586,1.0745377696969698,1.0741515727272728,-0.0013821,-0.1288699565911283,-5.23310451453129e-06,0.0151291039090909,-6.733400000000049e-05,32.11715379681872,32.98110366119803,31.173947334843884,10.045573973063998,0.0022083333334492,100.12886995659112,Reuse,2
2017-06-30_cell_026,2017-06-30_batchdata_updated_struct_errorcorrect.mat,2017-06-30,26,99,1.0766411,1.0773104,1.080674029292929,1.0805731515151515,-0.0006692999999999,-0.0621655628788445,-3.700558317872623e-05,0.017570216010101,-0.000577019,31.658500115459308,35.32942847474747,29.69965895959596,10.041589393939397,0.0043699999999571,100.06216556287885,Recycle,1
2018-04-12_cell_008,2018-04-12_batchdata_updated_struct_errorcorrect.mat,2018-04-12,8,99,1.0647362,1.067026,1.068006090909091,1.0680348515151514,-0.0022898,-0.2150579645925449,-3.308951144097934e-06,0.0152533193535353,-0.0001726809999999,33.05552416009523,35.07929651965403,31.26091768970344,10.043270673400722,-0.0008500000001117,100.21505796459252,Conditional Reuse,0
2017-05-12_cell_003,2017-05-12_batchdata_updated_struct_errorcorrect.mat,2017-05-12,3,99,1.0797229,1.0847498,1.08494896969697,1.0845464424242426,-0.0050269,-0.4655731577055609,1.7136347557200054e-05,0.016146156040404,3.858100000000281e-05,29.942198807956427,30.662263141414144,29.38564177777777,12.053277171717166,0.0840116666666901,100.46557315770556,Reuse,2
2017-06-30_cell_005,2017-06-30_batchdata_updated_struct_errorcorrect.mat,2017-06-30,5,99,1.0680153,1.070745,1.0719740151515154,1.071471497979798,-0.0027297000000001,-0.2555862261523939,-1.1376598639489792e-06,0.016853328080808,-0.0003085009999999,32.05251533041326,35.74180347474747,29.74533036363636,10.133229612794622,0.0001000000001418,100.2555862261524,Recycle,1
2017-06-30_cell_043,2017-06-30_batchdata_updated_struct_errorcorrect.mat,2017-06-30,43,99,1.0735646,1.0790776,1.0796143252525254,1.0794716171717171,-0.0055129999999998,-0.5135228937317678,1.2511228200372228e-05,0.0181268601010101,9.035099999999892e-05,33.01174006776376,37.78736292929293,30.27322596969697,10.131395993265995,0.0835566666663591,100.51352289373176,Recycle,1
2017-06-30_cell_010,2017-06-30_batchdata_updated_struct_errorcorrect.mat,2017-06-30,10,99,1.0690521,1.0670482,1.0715318585858586,1.0707906838383838,0.0020039,0.187446430347039,-6.001392455164365e-05,0.0177651338181818,-0.0005793579999999,33.40783701030165,38.71828132323232,30.128028222222227,10.109577053872057,-0.0803499999999388,99.81255356965296,Conditional Reuse,0
2018-04-12_cell_025,2018-04-12_batchdata_updated_struct_errorcorrect.mat,2018-04-12,25,99,1.0611302,1.0643663,1.0648225050505051,1.064671226262626,-0.0032361,-0.3049672886512961,6.950843537416724e-06,0.0156418515151515,-4.924599999999932e-05,35.58186389191699,38.88624032121534,32.23615396340196,10.042413013468028,0.001065000000139,100.3049672886513,Conditional Reuse,0
2018-04-12_cell_006,2018-04-12_batchdata_updated_struct_errorcorrect.mat,2018-04-12,6,99,1.0626124,1.04378,1.053759712121212,1.0534578171717173,0.0188323999999999,1.7722736907643817,-0.0002023977884972,0.0137306609393939,0.0003201479999999,34.1072055276095,36.98765147763979,31.41879966190876,10.080923367003404,0.0544933333333261,98.22772630923562,Conditional Reuse,0
2017-06-30_cell_033,2017-06-30_batchdata_updated_struct_errorcorrect.mat,2017-06-30,33,99,1.079052,1.0847911,1.0845763555555554,1.0845824888888889,-0.0057390999999999,-0.5318650074324497,2.0687567099560396e-05,0.0176273884848484,9.907600000000004e-05,32.97224982580327,36.44586771717172,30.610282767676768,10.130487676767675,-0.0830700000001041,100.53186500743246,Conditional Reuse,0
2018-04-12_cell_030,2018-04-12_batchdata_updated_struct_errorcorrect.mat,2018-04-12,30,99,1.0687393,1.0710108,1.0717059313131312,1.071375528282828,-0.0022714999999999,-0.2125401395831501,-3.4165367965386675e-06,0.0155726789292929,-0.0001141259999999,32.24311941023021,33.95640656351435,30.734525348486088,10.04344259259257,0.000338333334124,100.21254013958314,Conditional Reuse,0
2018-04-12_cell_044,2018-04-12_batchdata_updated_struct_errorcorrect.mat,2018-04-12,44,99,1.06972,1.0729284,1.07331738989899,1.0730522959595958,-0.0032083999999998,-0.2999289533709652,4.689736549162688e-06,0.0155725037777777,-0.000105745,33.35164903826186,36.33616366679151,30.63834466638057,10.043212407407369,-0.0163166666667784,100.29992895337097,Conditional Reuse,0
2017-06-30_cell_023,2017-06-30_batchdata_updated_struct_errorcorrect.mat,2017-06-30,23,99,1.0745209,1.0714235,1.0755069525252523,1.0752267141414142,0.0030973999999999,0.2882587020875924,-6.655335683364035e-05,0.0171471901414141,-0.00082546,32.25237066740248,35.90386328282828,29.97178678787878,10.314190622895635,0.0619483333333246,99.7117412979124,Conditional Reuse,0
2018-04-12_cell_034,2018-04-12_batchdata_updated_struct_errorcorrect.mat,2018-04-12,34,99,1.061535,1.0615493,1.063246013131313,1.063221966666667,-1.430000000013365e-05,-0.0013471058420243,-2.115797278911428e-05,0.015302312080808,-0.0001069079999999,35.77943527518051,38.98815031750086,32.239079738028686,10.04353981481482,-0.0009283333340128,100.00134710584204,Reuse,2
2017-05-12_cell_011,2017-05-12_batchdata_updated_struct_errorcorrect.mat,2017-05-12,11,99,1.0537786,1.0599719,1.060083885858586,1.0594954424242424,-0.0061933,-0.5877230757960038,2.1809402597402316e-05,0.0160370841111111,-0.0003035779999999,32.75932260623101,36.23175358585859,30.14975682828283,11.684114427609464,-0.0006250000000367,100.587723075796,Conditional Reuse,0
2017-05-12_cell_004,2017-05-12_batchdata_updated_struct_errorcorrect.mat,2017-05-12,4,99,1.0784167,1.0826457,1.082843531313131,1.082700305050505,-0.004229,-0.3921489717286497,1.8994317872597183e-05,0.0165005135757575,-5.331399999999875e-05,31.44888383416564,34.38251588888889,29.487975303030296,12.053313636363642,-7.833333332563086e-05,100.39214897172866,Reuse,2
2018-04-12_cell_029,2018-04-12_batchdata_updated_struct_errorcorrect.mat,2018-04-12,29,99,1.0663688,1.0696349,1.07050026969697,1.0703968484848485,-0.0032661,-0.3062824043614225,4.077620284471244e-06,0.0148241267474747,-0.000165511,31.262889334066085,31.680285422399457,30.83403920515218,10.04197961279458,-2.8333333467855937e-05,100.3062824043614,Conditional Reuse,0
2018-04-12_cell_039,2018-04-12_batchdata_updated_struct_errorcorrect.mat,2018-04-12,39,99,1.0474036,1.0495038,1.0505830505050504,1.050388760606061,-0.0021002000000001,-0.2005148731587429,-6.583238095236523e-06,0.015563160080808,-0.000155274,33.887021839840784,36.074946023996944,31.395684343874585,10.043092710437712,-3.666666574098088e-05,100.20051487315877,Reuse,2
2018-04-12_cell_007,2018-04-12_batchdata_updated_struct_errorcorrect.mat,2018-04-12,7,99,1.0675218,1.0684743,1.0701774252525251,1.0700308262626264,-0.0009525000000001,-0.0892253441569187,-2.357448361162832e-06,0.0154282655151515,-3.5402999999999823e-05,32.79694473003086,34.27477909930834,31.247996106583223,11.040740218855252,0.0011983333327716,100.08922534415692,Reuse,2
2017-06-30_cell_015,2017-06-30_batchdata_updated_struct_errorcorrect.mat,2017-06-30,15,99,0.9716751,0.92590147,0.946664942121212,0.9468438862626264,0.04577363,4.7107958205371325,-0.0004494800691403,0.0169906788080808,0.000135762,29.83756196829628,31.584541747474745,28.428369767676767,12.470037457912442,0.3539133333333062,95.28920417946289,Recycle,1
2018-04-12_cell_024,2018-04-12_batchdata_updated_struct_errorcorrect.mat,2018-04-12,24,99,1.0462732,1.050084,1.050441208080808,1.050458807070707,-0.0038108000000001,-0.3642260931466193,9.650588744583156e-06,0.0155540378585858,-0.000150559,34.68760501613314,37.23633184265304,32.089467104218414,10.041832441077416,-0.0007983333334173,100.3642260931466,Conditional Reuse,0
2017-06-30_cell_037,2017-06-30_batchdata_updated_struct_errorcorrect.mat,2017-06-30,37,99,1.0748166,1.081265,1.0806836393939394,1.080355695959596,-0.0064484,-0.5999535176512925,3.505037847866405e-05,0.0181525049090909,9.341199999999758e-05,31.945393626512317,35.47797882828283,29.77871467676768,10.13673265993265,0.0827333333332109,100.5999535176513,Recycle,1
2017-06-30_cell_006,2017-06-30_batchdata_updated_struct_errorcorrect.mat,2017-06-30,6,99,1.0687391,1.0521992,1.0647245646464647,1.0642203989898988,0.0165398999999999,1.547608766255482,-0.0002143858466295,0.0158655678181818,-0.0010291889999999,32.77341800154968,37.326601131313126,29.66288944444445,10.218386481481522,0.1471749999999403,98.45239123374452,Conditional Reuse,0
